{
  "model": "gpt-4o-mini",
  "runtime_seconds": 4710.591728925705,
  "n_events": 1246,
  "n_individuals": 26,
  "state_distribution": {
    "Seeking": 200,
    "Directing": 654,
    "Conferring": 238,
    "Revising": 154
  },
  "confidence_distribution": {
    "HIGH": 1098,
    "MEDIUM": 132,
    "LOW": 16
  },
  "silhouette": 0.007075300440192223,
  "entropy_rate": 1.653323199213383,
  "effective_states": 3.2980681493244015,
  "state_efficiency": 0.8245170373311004,
  "cv_accuracy_mean": 0.5372576166762549,
  "cv_accuracy_std": 0.050791599299145444,
  "cv_accuracies": [
    0.5101449275362319,
    0.4672131147540984,
    0.5725190839694656,
    0.6134751773049646,
    0.5229357798165137
  ],
  "stationary_distribution": [
    0.14403221652524606,
    0.536266968192226,
    0.1909623120899481,
    0.12873850319257987
  ],
  "transition_matrix": [
    [
      0.29901960784313725,
      0.3382352941176471,
      0.24019607843137256,
      0.12254901960784313
    ],
    [
      0.09161490683229814,
      0.6506211180124224,
      0.13664596273291926,
      0.12111801242236025
    ],
    [
      0.16666666666666666,
      0.42083333333333334,
      0.31666666666666665,
      0.09583333333333334
    ],
    [
      0.1554054054054054,
      0.4527027027027027,
      0.17567567567567569,
      0.21621621621621623
    ]
  ],
  "classification_stats": {
    "total": 1230,
    "cached": 16,
    "errors": 0
  }
}