{
  "KMeans_K4": {
    "silhouette": 0.029162513092160225,
    "entropy_rate": 1.5847917173345398,
    "normalized_entropy": 0.7923958586672699,
    "effective_states": 3.7363885974652287,
    "state_efficiency": 0.9340971493663072,
    "cv_accuracy_mean": 0.5078968833367282,
    "cv_accuracy_std": 0.09045926698531527,
    "cv_accuracies": [
      0.5565217391304348,
      0.3483606557377049,
      0.48091603053435117,
      0.5390070921985816,
      0.6146788990825688
    ],
    "stationary_distribution": [
      0.10626445250044377,
      0.26973541164553233,
      0.3015501659813332,
      0.32244996987269076
    ],
    "kernel": [
      [
        0.609375,
        0.09375,
        0.1640625,
        0.1328125
      ],
      [
        0.04220779220779221,
        0.5616883116883117,
        0.16233766233766234,
        0.23376623376623376
      ],
      [
        0.05569007263922518,
        0.11864406779661017,
        0.5786924939467313,
        0.2469733656174334
      ],
      [
        0.041343669250646,
        0.2248062015503876,
        0.2041343669250646,
        0.5297157622739018
      ]
    ]
  },
  "Agglom_Ward_K4": {
    "silhouette": 0.014246733859181404,
    "entropy_rate": 1.0507608447812098,
    "normalized_entropy": 0.5253804223906049,
    "effective_states": 2.8745264736898455,
    "state_efficiency": 0.7186316184224614,
    "cv_accuracy_mean": 0.617979065833538,
    "cv_accuracy_std": 0.0777658787717827,
    "cv_accuracies": [
      0.7333333333333333,
      0.5491803278688525,
      0.6106870229007634,
      0.6737588652482269,
      0.5229357798165137
    ],
    "stationary_distribution": [
      0.43076731386883765,
      0.4509288309287941,
      0.05339819558283828,
      0.06490565961953006
    ],
    "kernel": [
      [
        0.7098039215686275,
        0.26862745098039215,
        0.00392156862745098,
        0.01764705882352941
      ],
      [
        0.25734024179620035,
        0.694300518134715,
        0.04145077720207254,
        0.0069084628670120895
      ],
      [
        0.029411764705882353,
        0.35294117647058826,
        0.6029411764705882,
        0.014705882352941176
      ],
      [
        0.11392405063291139,
        0.05063291139240506,
        0.012658227848101266,
        0.8227848101265823
      ]
    ]
  },
  "Agglom_Complete_K4": {
    "silhouette": 0.013447839766740799,
    "entropy_rate": 1.4143584249589605,
    "normalized_entropy": 0.7071792124794802,
    "effective_states": 3.294311513202256,
    "state_efficiency": 0.823577878300564,
    "cv_accuracy_mean": 0.6091065270789442,
    "cv_accuracy_std": 0.04968837242154476,
    "cv_accuracies": [
      0.6376811594202898,
      0.5450819672131147,
      0.5572519083969466,
      0.6312056737588653,
      0.6743119266055045
    ],
    "stationary_distribution": [
      0.523675453374922,
      0.1366210933873989,
      0.11110280175904087,
      0.22860065147863823
    ],
    "kernel": [
      [
        0.7249190938511327,
        0.10032362459546926,
        0.07119741100323625,
        0.10355987055016182
      ],
      [
        0.33727810650887574,
        0.46745562130177515,
        0.029585798816568046,
        0.16568047337278108
      ],
      [
        0.33093525179856115,
        0.03597122302158273,
        0.48201438848920863,
        0.1510791366906475
      ],
      [
        0.267741935483871,
        0.07096774193548387,
        0.07096774193548387,
        0.5903225806451613
      ]
    ]
  },
  "GMM_K4": {
    "silhouette": 0.026361003518104553,
    "entropy_rate": 1.746823444431469,
    "normalized_entropy": 0.8734117222157345,
    "effective_states": 3.944347299701696,
    "state_efficiency": 0.986086824925424,
    "cv_accuracy_mean": 0.5083776249280476,
    "cv_accuracy_std": 0.022148854873564956,
    "cv_accuracies": [
      0.527536231884058,
      0.5286885245901639,
      0.5038167938931297,
      0.46808510638297873,
      0.5137614678899083
    ],
    "stationary_distribution": [
      0.2464676028158983,
      0.19395061074129036,
      0.24741239349502467,
      0.31216939294778656
    ],
    "kernel": [
      [
        0.5607142857142857,
        0.13214285714285715,
        0.10714285714285714,
        0.2
      ],
      [
        0.14644351464435146,
        0.42677824267782427,
        0.2301255230125523,
        0.19665271966527198
      ],
      [
        0.08069164265129683,
        0.1642651296829971,
        0.5014409221902018,
        0.25360230547550433
      ],
      [
        0.1918918918918919,
        0.12162162162162163,
        0.16756756756756758,
        0.518918918918919
      ]
    ]
  },
  "4-Animal_Embedding": {
    "silhouette": 0.018347730860114098,
    "entropy_rate": 1.3177621280072915,
    "normalized_entropy": 0.6588810640036458,
    "effective_states": 2.581404311234918,
    "state_efficiency": 0.6453510778087295,
    "cv_accuracy_mean": 0.6917192704780768,
    "cv_accuracy_std": 0.03031577207258634,
    "cv_accuracies": [
      0.6782608695652174,
      0.7459016393442623,
      0.6717557251908397,
      0.7021276595744681,
      0.6605504587155964
    ],
    "stationary_distribution": [
      0.11837720616875423,
      0.6911819798472421,
      0.12157751306521303,
      0.06886330091879063
    ],
    "kernel": [
      [
        0.2222222222222222,
        0.5359477124183006,
        0.1568627450980392,
        0.08496732026143791
      ],
      [
        0.08851674641148326,
        0.7643540669856459,
        0.09090909090909091,
        0.056220095693779906
      ],
      [
        0.15853658536585366,
        0.524390243902439,
        0.2621951219512195,
        0.054878048780487805
      ],
      [
        0.1686746987951807,
        0.5180722891566265,
        0.12048192771084337,
        0.1927710843373494
      ]
    ],
    "state_distribution": {
      "Seeking": 149,
      "Directing": 854,
      "Conferring": 162,
      "Revising": 81
    },
    "mean_confidence": 0.1012079194188118
  }
}