{
  "n_individuals": 26,
  "population_statistics": {
    "openness": {
      "mean": 0.24292330826069555,
      "std": 0.10555328074296437,
      "median": 0.23076923076923078,
      "min": 0.03571428571428571,
      "max": 0.5217391304347826,
      "skewness": 0.47362095899753587,
      "kurtosis": 0.36750030497332364
    },
    "conscientiousness": {
      "mean": 0.20451065588889858,
      "std": 0.10078740238974346,
      "median": 0.19093782929399367,
      "min": 0.03529411764705882,
      "max": 0.4290322580645161,
      "skewness": 0.4819895112769589,
      "kurtosis": -0.6681737834429646
    },
    "extraversion": {
      "mean": 0.8087055292845455,
      "std": 0.08395443935221504,
      "median": 0.8055002488800398,
      "min": 0.631578947368421,
      "max": 0.9642857142857143,
      "skewness": -0.15572266523029277,
      "kurtosis": -0.5465918670856955
    },
    "agreeableness": {
      "mean": 0.3070190035889998,
      "std": 0.10669930196546339,
      "median": 0.2952776336274001,
      "min": 0.0714285714285714,
      "max": 0.5869565217391304,
      "skewness": 0.3275272427179996,
      "kurtosis": 0.749693131767307
    },
    "neuroticism": {
      "mean": 0.5687085255714253,
      "std": 0.13502280541294662,
      "median": 0.550758628220891,
      "min": 0.31077417535935026,
      "max": 0.8444042846155926,
      "skewness": 0.032805623654645476,
      "kurtosis": -0.3056317663043968
    }
  },
  "theoretical_validation": {
    "openness": {
      "sample_mean": 0.24292330826069555,
      "general_population_norm": 0.5,
      "antisocial_norm": 0.45,
      "deviation_from_norm": -0.2570766917393045,
      "closer_to_antisocial": true,
      "theoretical_expectation": "variable",
      "rationale": "Balance of exploration vs exploitation varies",
      "meets_expectation": null
    },
    "conscientiousness": {
      "sample_mean": 0.20451065588889858,
      "general_population_norm": 0.5,
      "antisocial_norm": 0.25,
      "deviation_from_norm": -0.2954893441111014,
      "closer_to_antisocial": true,
      "theoretical_expectation": "variable",
      "rationale": "Some killers are impulsive, others highly organized",
      "meets_expectation": null
    },
    "extraversion": {
      "sample_mean": 0.8087055292845455,
      "general_population_norm": 0.5,
      "antisocial_norm": 0.55,
      "deviation_from_norm": 0.30870552928454553,
      "closer_to_antisocial": true,
      "theoretical_expectation": "elevated",
      "rationale": "High Other-focus (Directing + Conferring)",
      "meets_expectation": true
    },
    "agreeableness": {
      "sample_mean": 0.3070190035889998,
      "general_population_norm": 0.5,
      "antisocial_norm": 0.2,
      "deviation_from_norm": -0.1929809964110002,
      "closer_to_antisocial": true,
      "theoretical_expectation": "low",
      "rationale": "Exploitation of others (Directing) should yield low Agreeableness",
      "meets_expectation": true
    },
    "neuroticism": {
      "sample_mean": 0.5687085255714253,
      "general_population_norm": 0.5,
      "antisocial_norm": 0.6,
      "deviation_from_norm": 0.06870852557142526,
      "closer_to_antisocial": true,
      "theoretical_expectation": "elevated",
      "rationale": "Behavioral instability should manifest as higher entropy",
      "meets_expectation": true
    }
  },
  "correlation_matrix": [
    [
      1.0,
      0.13512171397318876,
      -0.5587181228987289,
      0.8920197567576883,
      0.6754960336324064
    ],
    [
      0.13512171397318878,
      1.0,
      -0.780563080946272,
      0.5451630066858969,
      0.6996331047114908
    ],
    [
      -0.5587181228987289,
      -0.780563080946272,
      1.0,
      -0.7421564481541192,
      -0.7302087655417043
    ],
    [
      0.8920197567576882,
      0.5451630066858969,
      -0.7421564481541192,
      1.0,
      0.8940532060473451
    ],
    [
      0.6754960336324064,
      0.6996331047114908,
      -0.7302087655417044,
      0.8940532060473451,
      1.0
    ]
  ],
  "individual_profiles": {
    "Alcala._Rodney__2012_": {
      "openness": 0.3629032258064516,
      "conscientiousness": 0.10322580645161289,
      "extraversion": 0.903225806451613,
      "agreeableness": 0.3951612903225806,
      "neuroticism": 0.6286965057269429,
      "directing_persistence": 0.7540322580645162,
      "exploitation_index": 0.6370967741935484,
      "exploration_index": 0.3629032258064516,
      "self_focus": 0.0967741935483871,
      "other_focus": 0.903225806451613
    },
    "Allanson_Patricia": {
      "openness": 0.17948717948717946,
      "conscientiousness": 0.23076923076923078,
      "extraversion": 0.7948717948717949,
      "agreeableness": 0.2564102564102564,
      "neuroticism": 0.5508775286158496,
      "directing_persistence": 0.7781690140845069,
      "exploitation_index": 0.8205128205128205,
      "exploration_index": 0.17948717948717946,
      "self_focus": 0.20512820512820512,
      "other_focus": 0.7948717948717949
    },
    "Anderson_Dale_-_2005": {
      "openness": 0.26666666666666666,
      "conscientiousness": 0.12333333333333332,
      "extraversion": 0.8333333333333334,
      "agreeableness": 0.2833333333333333,
      "neuroticism": 0.5257564778776539,
      "directing_persistence": 0.7396313364055299,
      "exploitation_index": 0.7333333333333334,
      "exploration_index": 0.26666666666666666,
      "self_focus": 0.16666666666666666,
      "other_focus": 0.8333333333333334
    },
    "Archer-Gilligan_Amy": {
      "openness": 0.3181818181818182,
      "conscientiousness": 0.13636363636363635,
      "extraversion": 0.7727272727272727,
      "agreeableness": 0.31818181818181823,
      "neuroticism": 0.48521588477891453,
      "directing_persistence": 0.8402777777777778,
      "exploitation_index": 0.6818181818181818,
      "exploration_index": 0.3181818181818182,
      "self_focus": 0.22727272727272727,
      "other_focus": 0.7727272727272727
    },
    "Armstrong_John_Eric": {
      "openness": 0.42105263157894735,
      "conscientiousness": 0.3315789473684211,
      "extraversion": 0.631578947368421,
      "agreeableness": 0.5,
      "neuroticism": 0.797685742986022,
      "directing_persistence": 0.6032608695652173,
      "exploitation_index": 0.5789473684210527,
      "exploration_index": 0.42105263157894735,
      "self_focus": 0.368421052631579,
      "other_focus": 0.631578947368421
    },
    "Barfield_Velma_-_2005_Fall": {
      "openness": 0.22448979591836732,
      "conscientiousness": 0.15918367346938775,
      "extraversion": 0.8061224489795918,
      "agreeableness": 0.2551020408163265,
      "neuroticism": 0.49391987034495277,
      "directing_persistence": 0.8301104972375691,
      "exploitation_index": 0.7755102040816327,
      "exploration_index": 0.22448979591836732,
      "self_focus": 0.19387755102040816,
      "other_focus": 0.8061224489795918
    },
    "Bathory_Elizabeth_-_spring_2006": {
      "openness": 0.38461538461538464,
      "conscientiousness": 0.18461538461538463,
      "extraversion": 0.6923076923076923,
      "agreeableness": 0.3846153846153846,
      "neuroticism": 0.5478120394886318,
      "directing_persistence": 0.6891891891891893,
      "exploitation_index": 0.6153846153846154,
      "exploration_index": 0.38461538461538464,
      "self_focus": 0.3076923076923077,
      "other_focus": 0.6923076923076923
    },
    "Baumeister_Herb_-_fall_2005": {
      "openness": 0.5217391304347826,
      "conscientiousness": 0.27391304347826084,
      "extraversion": 0.6956521739130435,
      "agreeableness": 0.5869565217391304,
      "neuroticism": 0.8444042846155926,
      "directing_persistence": 0.4402173913043478,
      "exploitation_index": 0.4782608695652174,
      "exploration_index": 0.5217391304347826,
      "self_focus": 0.30434782608695654,
      "other_focus": 0.6956521739130435
    },
    "Beets_Betty_Lou__spring_2007_": {
      "openness": 0.3,
      "conscientiousness": 0.132,